{"cameraMode":{"drawMode":0,"name":"Shaded","section":"Shading Mode"},"sceneLighting":false,"audioPlay":false,"sceneViewState":{"showFog":true,"showMaterialUpdate":false,"showSkybox":false,"showFlares":true,"showImageEffects":true,"showParticleSystems":true},"in2DMode":false,"pivot":{"x":1.9847145080566407,"y":-3.422048568725586,"z":-20.45096206665039},"rotation":{"x":0.13672421872615815,"y":0.7461414933204651,"z":-0.16165181994438172,"w":0.6314038038253784},"size":37.02092742919922,"orthographic":false}