{"cameraMode":{"drawMode":0,"name":"Shaded","section":"Shading Mode"},"sceneLighting":false,"audioPlay":false,"sceneViewState":{"showFog":true,"showMaterialUpdate":false,"showSkybox":false,"showFlares":true,"showImageEffects":true,"showParticleSystems":true},"in2DMode":false,"pivot":{"x":4.791679382324219,"y":-1.969707727432251,"z":-25.943614959716798},"rotation":{"x":0.1611940711736679,"y":0.8326770067214966,"z":-0.31514352560043337,"w":0.4259071350097656},"size":45.02814483642578,"orthographic":false}