{"cameraMode":{"drawMode":0,"name":"Shaded","section":"Shading Mode"},"sceneLighting":false,"audioPlay":false,"sceneViewState":{"showFog":true,"showMaterialUpdate":false,"showSkybox":false,"showFlares":true,"showImageEffects":true,"showParticleSystems":true},"in2DMode":false,"pivot":{"x":4.791679382324219,"y":-1.969707727432251,"z":-25.943614959716798},"rotation":{"x":0.022044220939278604,"y":0.7208273410797119,"z":-0.022926615551114084,"w":0.6924173831939697},"size":45.02814483642578,"orthographic":false}